,Actual,ARIMA Forecast
2021-12-29 00:00:00,332.638671875,
2021-12-30 00:00:00,330.0804138183594,
2021-12-31 00:00:00,327.16204833984375,
2022-01-03 00:00:00,325.6347351074219,
2022-01-04 00:00:00,320.0511169433594,
2022-01-05 00:00:00,307.7650451660156,
2022-01-06 00:00:00,305.33306884765625,
2022-01-07 00:00:00,305.48870849609375,
2022-01-10 00:00:00,305.71240234375,
2022-01-11 00:00:00,306.40313720703125,
2022-01-12 00:00:00,309.603515625,
2022-01-13 00:00:00,296.50030517578125,
2022-01-14 00:00:00,301.7532958984375,
2022-01-18 00:00:00,294.4088439941406,
2022-01-19 00:00:00,295.0703125,
2022-01-20 00:00:00,293.3874816894531,
2022-01-21 00:00:00,287.9691467285156,
2022-01-24 00:00:00,288.2998352050781,
2022-01-25 00:00:00,280.6344299316406,
2022-01-26 00:00:00,288.630615234375,
2022-01-27 00:00:00,291.6753845214844,
2022-01-28 00:00:00,299.8661193847656,
2022-01-31 00:00:00,302.5120544433594,
2022-02-01 00:00:00,300.3525085449219,
2022-02-02 00:00:00,304.92449951171875,
2022-02-03 00:00:00,293.0469665527344,
2022-02-04 00:00:00,297.6092529296875,
2022-02-07 00:00:00,292.7551574707031,
2022-02-08 00:00:00,296.266845703125,
2022-02-09 00:00:00,302.73577880859375,
2022-02-10 00:00:00,294.1462097167969,
2022-02-11 00:00:00,287.0060729980469,
2022-02-14 00:00:00,286.9672546386719,
2022-02-15 00:00:00,292.2882385253906,
2022-02-16 00:00:00,291.9470520019531,
2022-02-17 00:00:00,283.3982238769531,
2022-02-18 00:00:00,280.6688232421875,
2022-02-22 00:00:00,280.4641418457031,
2022-02-23 00:00:00,273.2019958496094,
2022-02-24 00:00:00,287.1608581542969,
2022-02-25 00:00:00,289.8122863769531,
2022-02-28 00:00:00,291.2549743652344,
2022-03-01 00:00:00,287.5118103027344,
2022-03-02 00:00:00,292.6197204589844,
2022-03-03 00:00:00,288.4573669433594,
2022-03-04 00:00:00,282.5502014160156,
2022-03-07 00:00:00,271.8763427734375,
2022-03-08 00:00:00,268.89349365234375,
2022-03-09 00:00:00,281.22442626953125,
2022-03-10 00:00:00,278.38787841796875,
2022-03-11 00:00:00,273.0069885253906,
2022-03-14 00:00:00,269.4685974121094,
2022-03-15 00:00:00,279.9085388183594,
2022-03-16 00:00:00,286.9659423828125,
2022-03-17 00:00:00,287.77496337890625,
2022-03-18 00:00:00,292.8536376953125,
2022-03-21 00:00:00,291.6156311035156,
2022-03-22 00:00:00,296.39202880859375,
2022-03-23 00:00:00,291.93731689453125,
2022-03-24 00:00:00,296.43109130859375,
2022-03-25 00:00:00,296.0216369628906,
2022-03-28 00:00:00,302.8646545410156,
2022-03-29 00:00:00,307.455810546875,
2022-03-30 00:00:00,305.94488525390625,
2022-03-31 00:00:00,300.5348815917969,
2022-04-01 00:00:00,301.61688232421875,
2022-04-04 00:00:00,307.0269470214844,
2022-04-05 00:00:00,303.0400695800781,
2022-04-06 00:00:00,291.9470520019531,
2022-04-07 00:00:00,293.7699279785156,
2022-04-08 00:00:00,289.4808654785156,
2022-04-11 00:00:00,278.0662536621094,
2022-04-12 00:00:00,274.94683837890625,
2022-04-13 00:00:00,280.3666687011719,
2022-04-14 00:00:00,272.7731018066406,
2022-04-18 00:00:00,273.4457092285156,
2022-04-19 00:00:00,278.1051940917969,
2022-04-20 00:00:00,279.13836669921875,
2022-04-21 00:00:00,273.72833251953125,
2022-04-22 00:00:00,267.119384765625,
2022-04-25 00:00:00,273.640625,
2022-04-26 00:00:00,263.4054260253906,
2022-04-27 00:00:00,276.07763671875,
2022-04-28 00:00:00,282.3258972167969,
2022-04-29 00:00:00,270.5213928222656,
2022-05-02 00:00:00,277.29608154296875,
2022-05-03 00:00:00,274.67388916015625,
2022-05-04 00:00:00,282.6671447753906,
2022-05-05 00:00:00,270.3556213378906,
2022-05-06 00:00:00,267.80169677734375,
2022-05-09 00:00:00,257.9077453613281,
2022-05-10 00:00:00,262.7035827636719,
2022-05-11 00:00:00,253.97927856445312,
2022-05-12 00:00:00,248.91046142578125,
2022-05-13 00:00:00,254.53492736816406,
2022-05-16 00:00:00,254.90538024902344,
2022-05-17 00:00:00,260.09124755859375,
2022-05-18 00:00:00,248.24935913085938,
2022-05-19 00:00:00,247.33090209960938,
2022-05-20 00:00:00,246.7642059326172,
2022-05-23 00:00:00,254.6685791015625,
2022-05-24 00:00:00,253.66220092773438,
2022-05-25 00:00:00,256.4956359863281,
2022-05-26 00:00:00,259.798095703125,
2022-05-27 00:00:00,266.96966552734375,
2022-05-31 00:00:00,265.63104248046875,
2022-06-01 00:00:00,266.16845703125,
2022-06-02 00:00:00,268.2789001464844,
2022-06-03 00:00:00,263.823486328125,
2022-06-06 00:00:00,262.58270263671875,
2022-06-07 00:00:00,266.2466735839844,
2022-06-08 00:00:00,264.2046203613281,
2022-06-09 00:00:00,258.71356201171875,
2022-06-10 00:00:00,247.18434143066406,
2022-06-13 00:00:00,236.7005615234375,
2022-06-14 00:00:00,238.87939453125,
2022-06-15 00:00:00,245.98255920410156,
2022-06-16 00:00:00,239.348388671875,
2022-06-17 00:00:00,241.96688842773438,
2022-06-21 00:00:00,247.91714477539062,
2022-06-22 00:00:00,247.3211212158203,
2022-06-23 00:00:00,252.91964721679688,
2022-06-24 00:00:00,261.5567932128906,
2022-06-27 00:00:00,258.8113098144531,
2022-06-28 00:00:00,250.59426879882812,
2022-06-29 00:00:00,254.2875518798828,
2022-06-30 00:00:00,250.93624877929688,
2022-07-01 00:00:00,253.62307739257812,
2022-07-05 00:00:00,256.81805419921875,
2022-07-06 00:00:00,260.1009826660156,
2022-07-07 00:00:00,262.2406921386719,
2022-07-08 00:00:00,261.51763916015625,
2022-07-11 00:00:00,258.4399719238281,
2022-07-12 00:00:00,247.84872436523438,
2022-07-13 00:00:00,246.9205322265625,
2022-07-14 00:00:00,248.24935913085938,
2022-07-15 00:00:00,250.8287353515625,
2022-07-18 00:00:00,248.41542053222656,
2022-07-19 00:00:00,253.57423400878906,
2022-07-20 00:00:00,256.2513732910156,
2022-07-21 00:00:00,258.762451171875,
2022-07-22 00:00:00,254.38519287109375,
2022-07-25 00:00:00,252.8903045654297,
2022-07-26 00:00:00,246.11935424804688,
2022-07-27 00:00:00,262.57293701171875,
2022-07-28 00:00:00,270.06689453125,
2022-07-29 00:00:00,274.2975158691406,
2022-08-01 00:00:00,271.6302185058594,
2022-08-02 00:00:00,268.51336669921875,
2022-08-03 00:00:00,275.98779296875,
2022-08-04 00:00:00,277.1407165527344,
2022-08-05 00:00:00,276.41778564453125,
2022-08-08 00:00:00,273.88714599609375,
2022-08-09 00:00:00,275.82171630859375,
2022-08-10 00:00:00,282.5242614746094,
2022-08-11 00:00:00,280.433349609375,
2022-08-12 00:00:00,285.2112121582031,
2022-08-15 00:00:00,286.73541259765625,
2022-08-16 00:00:00,285.99285888671875,
2022-08-17 00:00:00,285.23895263671875,
2022-08-18 00:00:00,284.1129150390625,
2022-08-19 00:00:00,280.1767883300781,
2022-08-22 00:00:00,271.9521789550781,
2022-08-23 00:00:00,270.6695251464844,
2022-08-24 00:00:00,270.0330810546875,
2022-08-25 00:00:00,273.02923583984375,
2022-08-26 00:00:00,262.49383544921875,
2022-08-29 00:00:00,259.6935729980469,
2022-08-30 00:00:00,257.480712890625,
2022-08-31 00:00:00,256.0119934082031,
2022-09-01 00:00:00,254.96435546875,
2022-09-02 00:00:00,250.71493530273438,
2022-09-06 00:00:00,247.96360778808594,
2022-09-07 00:00:00,252.70254516601562,
2022-09-08 00:00:00,253.1235809326172,
2022-09-09 00:00:00,258.9395751953125,
2022-09-12 00:00:00,261.0838623046875,
2022-09-13 00:00:00,246.72988891601562,
2022-09-14 00:00:00,246.95509338378906,
2022-09-15 00:00:00,240.2578887939453,
2022-09-16 00:00:00,239.63124084472656,
2022-09-19 00:00:00,239.41583251953125,
2022-09-20 00:00:00,237.38900756835938,
2022-09-21 00:00:00,233.96209716796875,
2022-09-22 00:00:00,235.94969177246094,
2022-09-23 00:00:00,232.95358276367188,
2022-09-26 00:00:00,232.493408203125,
2022-09-27 00:00:00,231.47512817382812,
2022-09-28 00:00:00,236.03785705566406,
2022-09-29 00:00:00,232.54234313964844,
2022-09-30 00:00:00,228.03836059570312,
2022-10-03 00:00:00,235.71473693847656,
2022-10-04 00:00:00,243.68479919433594,
2022-10-05 00:00:00,243.99810791015625,
2022-10-06 00:00:00,241.63844299316406,
2022-10-07 00:00:00,229.35043334960938,
2022-10-10 00:00:00,224.46458435058594,
2022-10-11 00:00:00,220.70472717285156,
2022-10-12 00:00:00,221.03762817382812,
2022-10-13 00:00:00,229.35043334960938,
2022-10-14 00:00:00,223.78895568847656,
2022-10-17 00:00:00,232.57176208496094,
2022-10-18 00:00:00,233.52149963378906,
2022-10-19 00:00:00,231.54364013671875,
2022-10-20 00:00:00,231.2205352783203,
2022-10-21 00:00:00,237.06590270996094,
2022-10-24 00:00:00,242.08883666992188,
2022-10-25 00:00:00,245.42767333984375,
2022-10-26 00:00:00,226.49134826660156,
2022-10-27 00:00:00,222.0167694091797,
2022-10-28 00:00:00,230.94635009765625,
2022-10-31 00:00:00,227.2844696044922,
2022-11-01 00:00:00,223.4071044921875,
2022-11-02 00:00:00,215.50558471679688,
2022-11-03 00:00:00,209.77767944335938,
2022-11-04 00:00:00,216.76864624023438,
2022-11-07 00:00:00,223.11338806152344,
2022-11-08 00:00:00,224.09251403808594,
2022-11-09 00:00:00,219.82354736328125,
2022-11-10 00:00:00,237.907958984375,
2022-11-11 00:00:00,241.95175170898438,
2022-11-14 00:00:00,236.50782775878906,
2022-11-15 00:00:00,236.91908264160156,
2022-11-16 00:00:00,237.35108947753906,
2022-11-17 00:00:00,237.30197143554688,
2022-11-18 00:00:00,236.85031127929688,
2022-11-21 00:00:00,237.66529846191406,
2022-11-22 00:00:00,240.59129333496094,
2022-11-23 00:00:00,243.09510803222656,
2022-11-25 00:00:00,243.00672912597656,
2022-11-28 00:00:00,237.38052368164062,
2022-11-29 00:00:00,235.97645568847656,
2022-11-30 00:00:00,250.51815795898438,
2022-12-01 00:00:00,250.07630920410156,
2022-12-02 00:00:00,250.4003143310547,
2022-12-05 00:00:00,245.66761779785156,
2022-12-06 00:00:00,240.67965698242188,
2022-12-07 00:00:00,239.9432373046875,
2022-12-08 00:00:00,242.91836547851562,
2022-12-09 00:00:00,240.97422790527344,
2022-12-12 00:00:00,247.93577575683594,
2022-12-13 00:00:00,252.2659149169922,
2022-12-14 00:00:00,252.56048583984375,
2022-12-15 00:00:00,244.49920654296875,
2022-12-16 00:00:00,240.25746154785156,
2022-12-19 00:00:00,236.09425354003906,
2022-12-20 00:00:00,237.4197998046875,
2022-12-21 00:00:00,240.00216674804688,
2022-12-22 00:00:00,233.8751983642578,
2022-12-23 00:00:00,234.40542602539062,
2022-12-27 00:00:00,232.66749572753906,
2022-12-28 00:00:00,230.281494140625,
2022-12-29 00:00:00,236.6441192626953,
2022-12-30 00:00:00,235.4756622314453,
2023-01-03 00:00:00,235.24002075195312,
2023-01-04 00:00:00,224.9498748779297,
2023-01-05 00:00:00,218.2828826904297,
2023-01-06 00:00:00,220.85540771484375,
2023-01-09 00:00:00,223.00570678710938,
2023-01-10 00:00:00,224.7043914794922,
2023-01-11 00:00:00,231.49905395507812,
2023-01-12 00:00:00,234.18939208984375,
2023-01-13 00:00:00,234.89634704589844,
2023-01-17 00:00:00,235.99607849121094,
2023-01-18 00:00:00,231.53831481933594,
2023-01-19 00:00:00,227.7285919189453,
2023-01-20 00:00:00,235.86843872070312,
2023-01-23 00:00:00,238.18568420410156,
2023-01-24 00:00:00,237.6554412841797,
2023-01-25 00:00:00,236.25135803222656,
2023-01-26 00:00:00,243.5075225830078,
2023-01-27 00:00:00,243.66461181640625,
2023-01-30 00:00:00,238.31332397460938,
2023-01-31 00:00:00,243.3209686279297,
2023-02-01 00:00:00,248.17144775390625,
2023-02-02 00:00:00,259.8067626953125,
2023-02-03 00:00:00,253.67002868652344,
2023-02-06 00:00:00,252.1186065673828,
2023-02-07 00:00:00,262.7131652832031,
2023-02-08 00:00:00,261.8982238769531,
2023-02-09 00:00:00,258.8444519042969,
2023-02-10 00:00:00,258.3340148925781,
2023-02-13 00:00:00,266.40509033203125,
2023-02-14 00:00:00,267.23968505859375,
2023-02-15 00:00:00,265.1036071777344,
2023-02-16 00:00:00,258.0458679199219,
2023-02-17 00:00:00,254.01992797851562,
2023-02-21 00:00:00,248.71429443359375,
2023-02-22 00:00:00,247.5724639892578,
2023-02-23 00:00:00,250.78143310546875,
2023-02-24 00:00:00,245.3183135986328,
2023-02-27 00:00:00,246.2436065673828,
2023-02-28 00:00:00,245.51519775390625,
2023-03-01 00:00:00,242.4145050048828,
2023-03-02 00:00:00,247.17872619628906,
2023-03-03 00:00:00,251.2932586669922,
2023-03-06 00:00:00,252.84854125976562,
2023-03-07 00:00:00,250.17111206054688,
2023-03-08 00:00:00,249.72817993164062,
2023-03-09 00:00:00,248.3697967529297,
2023-03-10 00:00:00,244.6981658935547,
2023-03-13 00:00:00,249.94473266601562,
2023-03-14 00:00:00,256.7071838378906,
2023-03-15 00:00:00,261.28436279296875,
2023-03-16 00:00:00,271.8759460449219,
2023-03-17 00:00:00,275.05535888671875,
2023-03-20 00:00:00,267.96807861328125,
2023-03-21 00:00:00,269.4938049316406,
2023-03-22 00:00:00,268.02716064453125,
2023-03-23 00:00:00,273.31304931640625,
2023-03-24 00:00:00,276.1775207519531,
2023-03-27 00:00:00,272.0531005859375,
2023-03-28 00:00:00,270.9211120605469,
2023-03-29 00:00:00,276.1184387207031,
2023-03-30 00:00:00,279.6029968261719,
2023-03-31 00:00:00,283.7864074707031,
2023-04-03 00:00:00,282.7333068847656,
2023-04-04 00:00:00,282.68402099609375,
2023-04-05 00:00:00,279.8884582519531,
2023-04-06 00:00:00,287.0347900390625,
2023-04-10 00:00:00,284.85943603515625,
2023-04-11 00:00:00,278.4021301269531,
2023-04-12 00:00:00,279.0517883300781,
2023-04-13 00:00:00,285.3023376464844,
2023-04-14 00:00:00,281.6603088378906,
2023-04-17 00:00:00,284.27862548828125,
2023-04-18 00:00:00,283.8553771972656,
2023-04-19 00:00:00,283.93414306640625,
2023-04-20 00:00:00,281.6307678222656,
2023-04-21 00:00:00,281.2862548828125,
2023-04-24 00:00:00,277.35870361328125,
2023-04-25 00:00:00,271.108154296875,
2023-04-26 00:00:00,290.74578857421875,
2023-04-27 00:00:00,300.0577087402344,
2023-04-28 00:00:00,302.4496765136719,
2023-05-01 00:00:00,300.7762756347656,
2023-05-02 00:00:00,300.6286315917969,
2023-05-03 00:00:00,299.63446044921875,
2023-05-04 00:00:00,300.6286315917969,
2023-05-05 00:00:00,305.78656005859375,
2023-05-08 00:00:00,303.8179016113281,
2023-05-09 00:00:00,302.1937255859375,
2023-05-10 00:00:00,307.4205322265625,
2023-05-11 00:00:00,305.2550048828125,
2023-05-12 00:00:00,304.13287353515625,
2023-05-15 00:00:00,304.61517333984375,
2023-05-16 00:00:00,306.8594970703125,
2023-05-17 00:00:00,309.75982666015625,
2023-05-18 00:00:00,314.21875,
2023-05-19 00:00:00,314.0412292480469,
2023-05-22 00:00:00,316.84283447265625,
2023-05-23 00:00:00,311.0027770996094,
2023-05-24 00:00:00,309.61187744140625,
2023-05-25 00:00:00,321.51885986328125,
2023-05-26 00:00:00,328.3947448730469,
2023-05-30 00:00:00,326.7374572753906,
2023-05-31 00:00:00,323.95550537109375,
2023-06-01 00:00:00,328.08892822265625,
2023-06-02 00:00:00,330.8708190917969,
2023-06-05 00:00:00,331.4035339355469,
2023-06-06 00:00:00,329.1740417480469,
2023-06-07 00:00:00,319.0131530761719,
2023-06-08 00:00:00,320.8677978515625,
2023-06-09 00:00:00,322.3771057128906,
2023-06-12 00:00:00,327.3687744140625,
2023-06-13 00:00:00,329.77581787109375,
2023-06-14 00:00:00,332.7846374511719,
2023-06-15 00:00:00,343.39935302734375,
2023-06-16 00:00:00,337.707275390625,
2023-06-20 00:00:00,333.4850769042969,
2023-06-21 00:00:00,329.0556640625,
2023-06-22 00:00:00,335.1226501464844,
2023-06-23 00:00:00,330.4959411621094,
2023-06-26 00:00:00,324.1627197265625,
2023-06-27 00:00:00,330.05206298828125,
2023-06-28 00:00:00,331.31475830078125,
2023-06-29 00:00:00,330.52557373046875,
2023-06-30 00:00:00,335.94146728515625,
2023-07-03 00:00:00,333.4258728027344,
2023-07-05 00:00:00,333.5837097167969,
2023-07-06 00:00:00,336.66156005859375,
2023-07-07 00:00:00,332.666259765625,
2023-07-10 00:00:00,327.3489990234375,
2023-07-11 00:00:00,327.98040771484375,
2023-07-12 00:00:00,332.64654541015625,
2023-07-13 00:00:00,338.0328063964844,
2023-07-14 00:00:00,340.5779113769531,
2023-07-17 00:00:00,341.0613708496094,
2023-07-18 00:00:00,354.635498046875,
2023-07-19 00:00:00,350.28509521484375,
2023-07-20 00:00:00,342.1859436035156,
2023-07-21 00:00:00,339.1278076171875,
2023-07-24 00:00:00,340.44970703125,
2023-07-25 00:00:00,346.2404479980469,
2023-07-26 00:00:00,333.2088317871094,
2023-07-27 00:00:00,326.2540588378906,
2023-07-28 00:00:00,333.80072021484375,
2023-07-31 00:00:00,331.3838806152344,
2023-08-01 00:00:00,331.79815673828125,
2023-08-02 00:00:00,323.0775146484375,
2023-08-03 00:00:00,322.2489318847656,
2023-08-04 00:00:00,323.3537292480469,
2023-08-07 00:00:00,325.6522521972656,
2023-08-08 00:00:00,321.64703369140625,
2023-08-09 00:00:00,317.878662109375,
2023-08-10 00:00:00,318.5691833496094,
2023-08-11 00:00:00,316.6751708984375,
2023-08-14 00:00:00,319.6641845703125,
2023-08-15 00:00:00,317.513671875,
2023-08-16 00:00:00,316.7425842285156,
2023-08-17 00:00:00,313.2627868652344,
2023-08-18 00:00:00,312.86737060546875,
2023-08-21 00:00:00,318.2057189941406,
2023-08-22 00:00:00,318.779052734375,
2023-08-23 00:00:00,323.2672424316406,
2023-08-24 00:00:00,316.3175048828125,
2023-08-25 00:00:00,319.2931213378906,
2023-08-28 00:00:00,320.0049133300781,
2023-08-29 00:00:00,324.6611328125,
2023-08-30 00:00:00,325.03680419921875,
2023-08-31 00:00:00,324.01861572265625,
2023-09-01 00:00:00,324.9082946777344,
2023-09-05 00:00:00,329.74249267578125,
2023-09-06 00:00:00,329.0801696777344,
2023-09-07 00:00:00,326.14404296875,
2023-09-08 00:00:00,330.4542541503906,
2023-09-11 00:00:00,334.0823669433594,
2023-09-12 00:00:00,327.9827880859375,
2023-09-13 00:00:00,332.2237854003906,
2023-09-14 00:00:00,334.83367919921875,
2023-09-15 00:00:00,326.45050048828125,
2023-09-18 00:00:00,325.3037109375,
2023-09-19 00:00:00,324.8984069824219,
2023-09-20 00:00:00,317.1083679199219,
2023-09-21 00:00:00,315.88250732421875,
2023-09-22 00:00:00,313.3913269042969,
2023-09-25 00:00:00,313.9152526855469,
2023-09-26 00:00:00,308.5768737792969,
2023-09-27 00:00:00,309.2194519042969,
2023-09-28 00:00:00,310.0597839355469,
2023-09-29 00:00:00,312.1456604003906,
2023-10-02 00:00:00,318.1265869140625,
2023-10-03 00:00:00,309.8125915527344,
2023-10-04 00:00:00,315.31903076171875,
2023-10-05 00:00:00,315.71441650390625,
2023-10-06 00:00:00,323.5242919921875,
2023-10-09 00:00:00,326.0550537109375,
2023-10-10 00:00:00,324.6413879394531,
2023-10-11 00:00:00,328.6253967285156,
2023-10-12 00:00:00,327.3797912597656,
2023-10-13 00:00:00,323.98895263671875,
2023-10-16 00:00:00,328.8428649902344,
2023-10-17 00:00:00,328.26947021484375,
2023-10-18 00:00:00,326.34173583984375,
2023-10-19 00:00:00,327.5379333496094,
2023-10-20 00:00:00,322.9410095214844,
2023-10-23 00:00:00,325.56072998046875,
2023-10-24 00:00:00,326.7569885253906,
2023-10-25 00:00:00,336.78125,
2023-10-26 00:00:00,324.1471252441406,
2023-10-27 00:00:00,326.0451965332031,
2023-10-30 00:00:00,333.4595642089844,
2023-10-31 00:00:00,334.25042724609375,
2023-11-01 00:00:00,342.1195373535156,
2023-11-02 00:00:00,344.3438720703125,
2023-11-03 00:00:00,348.7727355957031,
2023-11-06 00:00:00,352.4601745605469,
2023-11-07 00:00:00,356.4145202636719,
2023-11-08 00:00:00,359.05401611328125,
2023-11-09 00:00:00,356.57269287109375,
2023-11-10 00:00:00,365.4501953125,
2023-11-13 00:00:00,362.4942932128906,
2023-11-14 00:00:00,366.0433349609375,
2023-11-15 00:00:00,366.19189453125,
2023-11-16 00:00:00,372.6307678222656,
2023-11-17 00:00:00,366.3702087402344,
2023-11-20 00:00:00,373.8887634277344,
2023-11-21 00:00:00,369.5599365234375,
2023-11-22 00:00:00,374.2949523925781,
2023-11-24 00:00:00,373.8788757324219,
2023-11-27 00:00:00,375.0478210449219,
2023-11-28 00:00:00,379.09930419921875,
2023-11-29 00:00:00,375.2855224609375,
2023-11-30 00:00:00,375.344970703125,
2023-12-01 00:00:00,370.98638916015625,
2023-12-04 00:00:00,365.6669006347656,
2023-12-05 00:00:00,369.01507568359375,
2023-12-06 00:00:00,365.330078125,
2023-12-07 00:00:00,367.4598693847656,
2023-12-08 00:00:00,370.7090148925781,
2023-12-11 00:00:00,367.8065490722656,
2023-12-12 00:00:00,370.8575744628906,
2023-12-13 00:00:00,370.8476867675781,
2023-12-14 00:00:00,362.487060546875,
2023-12-15 00:00:00,367.241943359375,
2023-12-18 00:00:00,369.14385986328125,
2023-12-19 00:00:00,369.74810791015625,
2023-12-20 00:00:00,367.1329650878906,
2023-12-21 00:00:00,370.0255126953125,
2023-12-22 00:00:00,371.0556640625,
2023-12-26 00:00:00,371.13494873046875,
2023-12-27 00:00:00,370.5505065917969,
2023-12-28 00:00:00,371.7491149902344,
2023-12-29 00:00:00,372.5019836425781,
2024-01-02 00:00:00,367.380615234375,
2024-01-03 00:00:00,367.1131286621094,
2024-01-04 00:00:00,364.4781799316406,
2024-01-05 00:00:00,364.2899475097656,
2024-01-08 00:00:00,371.1646728515625,
2024-01-09 00:00:00,372.25433349609375,
2024-01-10 00:00:00,379.16864013671875,
2024-01-11 00:00:00,381.0111389160156,
2024-01-12 00:00:00,384.8150329589844,
2024-01-16 00:00:00,386.5980529785156,
2024-01-17 00:00:00,385.80560302734375,
2024-01-18 00:00:00,390.1642150878906,
2024-01-19 00:00:00,394.9190673828125,
2024-01-22 00:00:00,392.7793884277344,
2024-01-23 00:00:00,395.1468505859375,
2024-01-24 00:00:00,398.7724609375,
2024-01-25 00:00:00,401.0606994628906,
2024-01-26 00:00:00,400.1295471191406,
2024-01-29 00:00:00,405.8650817871094,
2024-01-30 00:00:00,404.7457275390625,
2024-01-31 00:00:00,393.8393249511719,
2024-02-01 00:00:00,399.9809265136719,
2024-02-02 00:00:00,407.3509521484375,
2024-02-05 00:00:00,401.8334045410156,
2024-02-06 00:00:00,401.67486572265625,
2024-02-07 00:00:00,410.15435791015625,
2024-02-08 00:00:00,410.2137756347656,
2024-02-09 00:00:00,416.59320068359375,
2024-02-12 00:00:00,411.35296630859375,
2024-02-13 00:00:00,402.4970703125,
2024-02-14 00:00:00,406.3873596191406,
2024-02-15 00:00:00,403.4795837402344,
2024-02-16 00:00:00,400.99853515625,
2024-02-20 00:00:00,399.7381591796875,
2024-02-21 00:00:00,399.13275146484375,
2024-02-22 00:00:00,408.5309753417969,
2024-02-23 00:00:00,407.2309265136719,
2024-02-26 00:00:00,404.4521789550781,
2024-02-27 00:00:00,404.39263916015625,
2024-02-28 00:00:00,404.6307678222656,
2024-02-29 00:00:00,410.5059509277344,
2024-03-01 00:00:00,412.3518371582031,
2024-03-04 00:00:00,411.7762756347656,
2024-03-05 00:00:00,399.59918212890625,
2024-03-06 00:00:00,399.04345703125,
2024-03-07 00:00:00,406.0400695800781,
2024-03-08 00:00:00,403.14215087890625,
2024-03-11 00:00:00,401.4550476074219,
2024-03-12 00:00:00,412.13348388671875,
2024-03-13 00:00:00,411.95489501953125,
2024-03-14 00:00:00,421.9981689453125,
2024-03-15 00:00:00,413.2648620605469,
2024-03-18 00:00:00,414.15802001953125,
2024-03-19 00:00:00,418.217041015625,
2024-03-20 00:00:00,422.00811767578125,
2024-03-21 00:00:00,426.11676025390625,
2024-03-22 00:00:00,425.4915466308594,
2024-03-25 00:00:00,419.65606689453125,
2024-03-26 00:00:00,418.4552307128906,
2024-03-27 00:00:00,418.2369079589844,
2024-03-28 00:00:00,417.53228759765625,
2024-04-01 00:00:00,421.3531188964844,
2024-04-02 00:00:00,418.246826171875,
2024-04-03 00:00:00,417.26434326171875,
2024-04-04 00:00:00,414.71380615234375,
2024-04-05 00:00:00,422.2959289550781,
2024-04-08 00:00:00,421.3729553222656,
2024-04-09 00:00:00,423.0501708984375,
2024-04-10 00:00:00,420.05303955078125,
2024-04-11 00:00:00,424.6876525878906,
2024-04-12 00:00:00,418.7033386230469,
2024-04-15 00:00:00,410.5059509277344,
2024-04-16 00:00:00,411.4388122558594,
2024-04-17 00:00:00,408.7195739746094,
2024-04-18 00:00:00,401.2069396972656,
2024-04-19 00:00:00,396.095947265625,
2024-04-22 00:00:00,397.9219665527344,
2024-04-23 00:00:00,404.48193359375,
2024-04-24 00:00:00,405.96063232421875,
2024-04-25 00:00:00,396.0165710449219,
2024-04-26 00:00:00,403.24139404296875,
2024-04-29 00:00:00,399.2022399902344,
2024-04-30 00:00:00,386.3800964355469,
2024-05-01 00:00:00,391.9476318359375,
2024-05-02 00:00:00,394.82562255859375,
2024-05-03 00:00:00,403.57879638671875,
2024-05-06 00:00:00,410.40667724609375,
2024-05-07 00:00:00,406.238525390625,
2024-05-08 00:00:00,407.429443359375,
2024-05-09 00:00:00,409.1959533691406,
2024-05-10 00:00:00,411.59759521484375,
2024-05-13 00:00:00,410.5853271484375,
2024-05-14 00:00:00,413.40380859375,
2024-05-15 00:00:00,420.6317443847656,
2024-05-16 00:00:00,418.5538330078125,
2024-05-17 00:00:00,417.7783508300781,
2024-05-20 00:00:00,422.8786315917969,
2024-05-21 00:00:00,426.5572814941406,
2024-05-22 00:00:00,428.0286865234375,
2024-05-23 00:00:00,424.5290832519531,
2024-05-24 00:00:00,427.6707763671875,
2024-05-28 00:00:00,427.8298645019531,
2024-05-29 00:00:00,426.6865234375,
2024-05-30 00:00:00,412.2704162597656,
2024-05-31 00:00:00,412.7277526855469,
2024-06-03 00:00:00,411.1270751953125,
2024-06-04 00:00:00,413.6623229980469,
2024-06-05 00:00:00,421.5563659667969,
2024-06-06 00:00:00,422.0633850097656,
2024-06-07 00:00:00,421.3973083496094,
2024-06-10 00:00:00,425.3940124511719,
2024-06-11 00:00:00,430.1761779785156,
2024-06-12 00:00:00,438.5076904296875,
2024-06-13 00:00:00,439.0246887207031,
2024-06-14 00:00:00,440.00897216796875,
2024-06-17 00:00:00,445.775390625,
2024-06-18 00:00:00,443.75714111328125,
2024-06-20 00:00:00,443.120849609375,
2024-06-21 00:00:00,447.17724609375,
2024-06-24 00:00:00,445.0794372558594,
2024-06-25 00:00:00,448.3404541015625,
2024-06-26 00:00:00,449.54345703125,
2024-06-27 00:00:00,450.2294921875,
2024-06-28 00:00:00,444.3636169433594,
2024-07-01 00:00:00,454.0870056152344,
2024-07-02 00:00:00,456.62225341796875,
2024-07-03 00:00:00,458.1036376953125,
2024-07-05 00:00:00,464.8543395996094,
2024-07-08 00:00:00,463.5419921875,
2024-07-09 00:00:00,456.8807678222656,
2024-07-10 00:00:00,463.55194091796875,
2024-07-11 00:00:00,452.06878662109375,
2024-07-12 00:00:00,450.9254150390625,
2024-07-15 00:00:00,451.3330383300781,
2024-07-16 00:00:00,446.91876220703125,
2024-07-17 00:00:00,440.9534606933594,
2024-07-18 00:00:00,437.8216857910156,
2024-07-19 00:00:00,434.58056640625,
2024-07-22 00:00:00,440.3768310546875,
2024-07-23 00:00:00,442.2757568359375,
2024-07-24 00:00:00,426.4180603027344,
2024-07-25 00:00:00,415.9788513183594,
2024-07-26 00:00:00,422.8090515136719,
2024-07-29 00:00:00,424.2606201171875,
2024-07-30 00:00:00,420.4726867675781,
2024-07-31 00:00:00,415.9291076660156,
2024-08-01 00:00:00,414.6962585449219,
2024-08-02 00:00:00,406.12615966796875,
2024-08-05 00:00:00,392.8633728027344,
2024-08-06 00:00:00,397.29754638671875,
2024-08-07 00:00:00,396.1243896484375,
2024-08-08 00:00:00,400.3597412109375,
2024-08-09 00:00:00,403.6704406738281,
2024-08-12 00:00:00,404.4559020996094,
2024-08-13 00:00:00,411.6142272949219,
2024-08-14 00:00:00,414.4477233886719,
2024-08-15 00:00:00,419.34808349609375,
2024-08-16 00:00:00,416.7983093261719,
2024-08-19 00:00:00,419.8460693359375,
2024-08-20 00:00:00,423.10302734375,
2024-08-21 00:00:00,422.4456787109375,
2024-08-22 00:00:00,413.88995361328125,
2024-08-23 00:00:00,415.1250305175781,
2024-08-26 00:00:00,411.8382263183594,
2024-08-27 00:00:00,412.18682861328125,
2024-08-28 00:00:00,408.9597473144531,
2024-08-29 00:00:00,411.4696960449219,
2024-08-30 00:00:00,415.4736328125,
2024-09-03 00:00:00,407.80438232421875,
2024-09-04 00:00:00,407.26654052734375,
2024-09-05 00:00:00,406.75860595703125,
2024-09-06 00:00:00,400.0953369140625,
2024-09-09 00:00:00,404.0992431640625,
2024-09-10 00:00:00,412.5453796386719,
2024-09-11 00:00:00,421.3500671386719,
2024-09-12 00:00:00,425.29425048828125,
2024-09-13 00:00:00,428.869873046875,
2024-09-16 00:00:00,429.61688232421875,
2024-09-17 00:00:00,433.41168212890625,
2024-09-18 00:00:00,429.0890197753906,
2024-09-19 00:00:00,436.9375305175781,
2024-09-20 00:00:00,433.53118896484375,
2024-09-23 00:00:00,431.77825927734375,
2024-09-24 00:00:00,427.45556640625,
2024-09-25 00:00:00,430.3838195800781,
2024-09-26 00:00:00,429.5870056152344,
2024-09-27 00:00:00,426.3101501464844,
2024-09-30 00:00:00,428.5810241699219,
2024-10-01 00:00:00,419.0094299316406,
2024-10-02 00:00:00,415.46368408203125,
2024-10-03 00:00:00,414.87603759765625,
2024-10-04 00:00:00,414.39794921875,
2024-10-07 00:00:00,407.9040222167969,
2024-10-08 00:00:00,413.0533447265625,
2024-10-09 00:00:00,415.7923278808594,
2024-10-10 00:00:00,414.1788024902344,
2024-10-11 00:00:00,414.65692138671875,
2024-10-14 00:00:00,417.46563720703125,
2024-10-15 00:00:00,417.0672302246094,
2024-10-16 00:00:00,414.45770263671875,
2024-10-17 00:00:00,415.0553283691406,
2024-10-18 00:00:00,416.4895324707031,
2024-10-21 00:00:00,417.1070861816406,
2024-10-22 00:00:00,425.8022155761719,
2024-10-23 00:00:00,422.9038391113281,
2024-10-24 00:00:00,423.0332946777344,
2024-10-25 00:00:00,426.43963623046875,
2024-10-28 00:00:00,424.8858947753906,
2024-10-29 00:00:00,430.2244873046875,
2024-10-30 00:00:00,430.8021545410156,
2024-10-31 00:00:00,404.72674560546875,
2024-11-01 00:00:00,408.73065185546875,
2024-11-04 00:00:00,406.8282775878906,
2024-11-05 00:00:00,409.8163146972656,
2024-11-06 00:00:00,418.50146484375,
2024-11-07 00:00:00,423.73052978515625,
2024-11-08 00:00:00,420.85205078125,
2024-11-11 00:00:00,416.34014892578125,
2024-11-12 00:00:00,421.340087890625,
2024-11-13 00:00:00,423.50146484375,
2024-11-14 00:00:00,425.1846923828125,
2024-11-15 00:00:00,413.3421936035156,
2024-11-18 00:00:00,414.0991516113281,
2024-11-19 00:00:00,416.1210632324219,
2024-11-20 00:00:00,413.8302001953125,
2024-11-21 00:00:00,412.0437927246094,
2024-11-22 00:00:00,416.16552734375,
2024-11-25 00:00:00,417.95196533203125,
2024-11-26 00:00:00,427.133544921875,
2024-11-27 00:00:00,422.1435546875,
2024-11-29 00:00:00,422.61260986328125,
2024-12-02 00:00:00,430.1175842285156,
2024-12-03 00:00:00,430.3371276855469,
2024-12-04 00:00:00,436.544677734375,
2024-12-05 00:00:00,441.7342529296875,
2024-12-06 00:00:00,442.682373046875,
2024-12-09 00:00:00,445.12744140625,
2024-12-10 00:00:00,442.4428405761719,
2024-12-11 00:00:00,448.0915222167969,
2024-12-12 00:00:00,448.6603698730469,
2024-12-13 00:00:00,446.37493896484375,
2024-12-16 00:00:00,450.6863098144531,
2024-12-17 00:00:00,453.5505676269531,
2024-12-18 00:00:00,436.5147399902344,
2024-12-19 00:00:00,436.15545654296875,
2024-12-20 00:00:00,435.726318359375,
2024-12-23 00:00:00,434.3790283203125,
2024-12-24 00:00:00,438.4508361816406,
2024-12-26 00:00:00,437.2332763671875,
2024-12-27 00:00:00,429.66845703125,
2024-12-30 00:00:00,423.9798583984375,
3017,,332.2690120070531
3018,,332.2488346203302
3019,,332.02661761193997
3020,,332.0171688776659
3021,,332.0163002499268
3022,,332.0073943957537
3023,,332.01473789918634
3024,,332.01582716657674
3025,,332.01579579216417
3026,,332.0162613074606
3027,,332.0161158571475
3028,,332.0160459528981
3029,,332.0160537789357
3030,,332.01603462326113
3031,,332.01603507671314
3032,,332.0160379751917
3033,,332.0160375773255
3034,,332.01603816557736
3035,,332.01603832395125
3036,,332.01603822585315
3037,,332.01603824126
3038,,332.01603822840826
3039,,332.0160382180499
3040,,332.0160382205954
3041,,332.01603822016875
3042,,332.01603822023003
3043,,332.0160382206808
3044,,332.0160382206426
3045,,332.0160382206488
3046,,332.01603822066096
3047,,332.0160382206457
3048,,332.01603822064493
3049,,332.0160382206451
3050,,332.01603822064425
3051,,332.01603822064465
3052,,332.01603822064476
3053,,332.01603822064476
3054,,332.0160382206448
3055,,332.0160382206448
3056,,332.0160382206448
3057,,332.0160382206448
3058,,332.0160382206448
3059,,332.0160382206448
3060,,332.0160382206448
3061,,332.0160382206448
3062,,332.0160382206448
3063,,332.0160382206448
3064,,332.0160382206448
3065,,332.0160382206448
3066,,332.0160382206448
3067,,332.0160382206448
3068,,332.0160382206448
3069,,332.0160382206448
3070,,332.0160382206448
3071,,332.0160382206448
3072,,332.0160382206448
3073,,332.0160382206448
3074,,332.0160382206448
3075,,332.0160382206448
3076,,332.0160382206448
3077,,332.0160382206448
3078,,332.0160382206448
3079,,332.0160382206448
3080,,332.0160382206448
3081,,332.0160382206448
3082,,332.0160382206448
3083,,332.0160382206448
3084,,332.0160382206448
3085,,332.0160382206448
3086,,332.0160382206448
3087,,332.0160382206448
3088,,332.0160382206448
3089,,332.0160382206448
3090,,332.0160382206448
3091,,332.0160382206448
3092,,332.0160382206448
3093,,332.0160382206448
3094,,332.0160382206448
3095,,332.0160382206448
3096,,332.0160382206448
3097,,332.0160382206448
3098,,332.0160382206448
3099,,332.0160382206448
3100,,332.0160382206448
3101,,332.0160382206448
3102,,332.0160382206448
3103,,332.0160382206448
3104,,332.0160382206448
3105,,332.0160382206448
3106,,332.0160382206448
3107,,332.0160382206448
3108,,332.0160382206448
3109,,332.0160382206448
3110,,332.0160382206448
3111,,332.0160382206448
3112,,332.0160382206448
3113,,332.0160382206448
3114,,332.0160382206448
3115,,332.0160382206448
3116,,332.0160382206448
3117,,332.0160382206448
3118,,332.0160382206448
3119,,332.0160382206448
3120,,332.0160382206448
3121,,332.0160382206448
3122,,332.0160382206448
3123,,332.0160382206448
3124,,332.0160382206448
3125,,332.0160382206448
3126,,332.0160382206448
3127,,332.0160382206448
3128,,332.0160382206448
3129,,332.0160382206448
3130,,332.0160382206448
3131,,332.0160382206448
3132,,332.0160382206448
3133,,332.0160382206448
3134,,332.0160382206448
3135,,332.0160382206448
3136,,332.0160382206448
3137,,332.0160382206448
3138,,332.0160382206448
3139,,332.0160382206448
3140,,332.0160382206448
3141,,332.0160382206448
3142,,332.0160382206448
3143,,332.0160382206448
3144,,332.0160382206448
3145,,332.0160382206448
3146,,332.0160382206448
3147,,332.0160382206448
3148,,332.0160382206448
3149,,332.0160382206448
3150,,332.0160382206448
3151,,332.0160382206448
3152,,332.0160382206448
3153,,332.0160382206448
3154,,332.0160382206448
3155,,332.0160382206448
3156,,332.0160382206448
3157,,332.0160382206448
3158,,332.0160382206448
3159,,332.0160382206448
3160,,332.0160382206448
3161,,332.0160382206448
3162,,332.0160382206448
3163,,332.0160382206448
3164,,332.0160382206448
3165,,332.0160382206448
3166,,332.0160382206448
3167,,332.0160382206448
3168,,332.0160382206448
3169,,332.0160382206448
3170,,332.0160382206448
3171,,332.0160382206448
3172,,332.0160382206448
3173,,332.0160382206448
3174,,332.0160382206448
3175,,332.0160382206448
3176,,332.0160382206448
3177,,332.0160382206448
3178,,332.0160382206448
3179,,332.0160382206448
3180,,332.0160382206448
3181,,332.0160382206448
3182,,332.0160382206448
3183,,332.0160382206448
3184,,332.0160382206448
3185,,332.0160382206448
3186,,332.0160382206448
3187,,332.0160382206448
3188,,332.0160382206448
3189,,332.0160382206448
3190,,332.0160382206448
3191,,332.0160382206448
3192,,332.0160382206448
3193,,332.0160382206448
3194,,332.0160382206448
3195,,332.0160382206448
3196,,332.0160382206448
3197,,332.0160382206448
3198,,332.0160382206448
3199,,332.0160382206448
3200,,332.0160382206448
3201,,332.0160382206448
3202,,332.0160382206448
3203,,332.0160382206448
3204,,332.0160382206448
3205,,332.0160382206448
3206,,332.0160382206448
3207,,332.0160382206448
3208,,332.0160382206448
3209,,332.0160382206448
3210,,332.0160382206448
3211,,332.0160382206448
3212,,332.0160382206448
3213,,332.0160382206448
3214,,332.0160382206448
3215,,332.0160382206448
3216,,332.0160382206448
3217,,332.0160382206448
3218,,332.0160382206448
3219,,332.0160382206448
3220,,332.0160382206448
3221,,332.0160382206448
3222,,332.0160382206448
3223,,332.0160382206448
3224,,332.0160382206448
3225,,332.0160382206448
3226,,332.0160382206448
3227,,332.0160382206448
3228,,332.0160382206448
3229,,332.0160382206448
3230,,332.0160382206448
3231,,332.0160382206448
3232,,332.0160382206448
3233,,332.0160382206448
3234,,332.0160382206448
3235,,332.0160382206448
3236,,332.0160382206448
3237,,332.0160382206448
3238,,332.0160382206448
3239,,332.0160382206448
3240,,332.0160382206448
3241,,332.0160382206448
3242,,332.0160382206448
3243,,332.0160382206448
3244,,332.0160382206448
3245,,332.0160382206448
3246,,332.0160382206448
3247,,332.0160382206448
3248,,332.0160382206448
3249,,332.0160382206448
3250,,332.0160382206448
3251,,332.0160382206448
3252,,332.0160382206448
3253,,332.0160382206448
3254,,332.0160382206448
3255,,332.0160382206448
3256,,332.0160382206448
3257,,332.0160382206448
3258,,332.0160382206448
3259,,332.0160382206448
3260,,332.0160382206448
3261,,332.0160382206448
3262,,332.0160382206448
3263,,332.0160382206448
3264,,332.0160382206448
3265,,332.0160382206448
3266,,332.0160382206448
3267,,332.0160382206448
3268,,332.0160382206448
3269,,332.0160382206448
3270,,332.0160382206448
3271,,332.0160382206448
3272,,332.0160382206448
3273,,332.0160382206448
3274,,332.0160382206448
3275,,332.0160382206448
3276,,332.0160382206448
3277,,332.0160382206448
3278,,332.0160382206448
3279,,332.0160382206448
3280,,332.0160382206448
3281,,332.0160382206448
3282,,332.0160382206448
3283,,332.0160382206448
3284,,332.0160382206448
3285,,332.0160382206448
3286,,332.0160382206448
3287,,332.0160382206448
3288,,332.0160382206448
3289,,332.0160382206448
3290,,332.0160382206448
3291,,332.0160382206448
3292,,332.0160382206448
3293,,332.0160382206448
3294,,332.0160382206448
3295,,332.0160382206448
3296,,332.0160382206448
3297,,332.0160382206448
3298,,332.0160382206448
3299,,332.0160382206448
3300,,332.0160382206448
3301,,332.0160382206448
3302,,332.0160382206448
3303,,332.0160382206448
3304,,332.0160382206448
3305,,332.0160382206448
3306,,332.0160382206448
3307,,332.0160382206448
3308,,332.0160382206448
3309,,332.0160382206448
3310,,332.0160382206448
3311,,332.0160382206448
3312,,332.0160382206448
3313,,332.0160382206448
3314,,332.0160382206448
3315,,332.0160382206448
3316,,332.0160382206448
3317,,332.0160382206448
3318,,332.0160382206448
3319,,332.0160382206448
3320,,332.0160382206448
3321,,332.0160382206448
3322,,332.0160382206448
3323,,332.0160382206448
3324,,332.0160382206448
3325,,332.0160382206448
3326,,332.0160382206448
3327,,332.0160382206448
3328,,332.0160382206448
3329,,332.0160382206448
3330,,332.0160382206448
3331,,332.0160382206448
3332,,332.0160382206448
3333,,332.0160382206448
3334,,332.0160382206448
3335,,332.0160382206448
3336,,332.0160382206448
3337,,332.0160382206448
3338,,332.0160382206448
3339,,332.0160382206448
3340,,332.0160382206448
3341,,332.0160382206448
3342,,332.0160382206448
3343,,332.0160382206448
3344,,332.0160382206448
3345,,332.0160382206448
3346,,332.0160382206448
3347,,332.0160382206448
3348,,332.0160382206448
3349,,332.0160382206448
3350,,332.0160382206448
3351,,332.0160382206448
3352,,332.0160382206448
3353,,332.0160382206448
3354,,332.0160382206448
3355,,332.0160382206448
3356,,332.0160382206448
3357,,332.0160382206448
3358,,332.0160382206448
3359,,332.0160382206448
3360,,332.0160382206448
3361,,332.0160382206448
3362,,332.0160382206448
3363,,332.0160382206448
3364,,332.0160382206448
3365,,332.0160382206448
3366,,332.0160382206448
3367,,332.0160382206448
3368,,332.0160382206448
3369,,332.0160382206448
3370,,332.0160382206448
3371,,332.0160382206448
3372,,332.0160382206448
3373,,332.0160382206448
3374,,332.0160382206448
3375,,332.0160382206448
3376,,332.0160382206448
3377,,332.0160382206448
3378,,332.0160382206448
3379,,332.0160382206448
3380,,332.0160382206448
3381,,332.0160382206448
3382,,332.0160382206448
3383,,332.0160382206448
3384,,332.0160382206448
3385,,332.0160382206448
3386,,332.0160382206448
3387,,332.0160382206448
3388,,332.0160382206448
3389,,332.0160382206448
3390,,332.0160382206448
3391,,332.0160382206448
3392,,332.0160382206448
3393,,332.0160382206448
3394,,332.0160382206448
3395,,332.0160382206448
3396,,332.0160382206448
3397,,332.0160382206448
3398,,332.0160382206448
3399,,332.0160382206448
3400,,332.0160382206448
3401,,332.0160382206448
3402,,332.0160382206448
3403,,332.0160382206448
3404,,332.0160382206448
3405,,332.0160382206448
3406,,332.0160382206448
3407,,332.0160382206448
3408,,332.0160382206448
3409,,332.0160382206448
3410,,332.0160382206448
3411,,332.0160382206448
3412,,332.0160382206448
3413,,332.0160382206448
3414,,332.0160382206448
3415,,332.0160382206448
3416,,332.0160382206448
3417,,332.0160382206448
3418,,332.0160382206448
3419,,332.0160382206448
3420,,332.0160382206448
3421,,332.0160382206448
3422,,332.0160382206448
3423,,332.0160382206448
3424,,332.0160382206448
3425,,332.0160382206448
3426,,332.0160382206448
3427,,332.0160382206448
3428,,332.0160382206448
3429,,332.0160382206448
3430,,332.0160382206448
3431,,332.0160382206448
3432,,332.0160382206448
3433,,332.0160382206448
3434,,332.0160382206448
3435,,332.0160382206448
3436,,332.0160382206448
3437,,332.0160382206448
3438,,332.0160382206448
3439,,332.0160382206448
3440,,332.0160382206448
3441,,332.0160382206448
3442,,332.0160382206448
3443,,332.0160382206448
3444,,332.0160382206448
3445,,332.0160382206448
3446,,332.0160382206448
3447,,332.0160382206448
3448,,332.0160382206448
3449,,332.0160382206448
3450,,332.0160382206448
3451,,332.0160382206448
3452,,332.0160382206448
3453,,332.0160382206448
3454,,332.0160382206448
3455,,332.0160382206448
3456,,332.0160382206448
3457,,332.0160382206448
3458,,332.0160382206448
3459,,332.0160382206448
3460,,332.0160382206448
3461,,332.0160382206448
3462,,332.0160382206448
3463,,332.0160382206448
3464,,332.0160382206448
3465,,332.0160382206448
3466,,332.0160382206448
3467,,332.0160382206448
3468,,332.0160382206448
3469,,332.0160382206448
3470,,332.0160382206448
3471,,332.0160382206448
3472,,332.0160382206448
3473,,332.0160382206448
3474,,332.0160382206448
3475,,332.0160382206448
3476,,332.0160382206448
3477,,332.0160382206448
3478,,332.0160382206448
3479,,332.0160382206448
3480,,332.0160382206448
3481,,332.0160382206448
3482,,332.0160382206448
3483,,332.0160382206448
3484,,332.0160382206448
3485,,332.0160382206448
3486,,332.0160382206448
3487,,332.0160382206448
3488,,332.0160382206448
3489,,332.0160382206448
3490,,332.0160382206448
3491,,332.0160382206448
3492,,332.0160382206448
3493,,332.0160382206448
3494,,332.0160382206448
3495,,332.0160382206448
3496,,332.0160382206448
3497,,332.0160382206448
3498,,332.0160382206448
3499,,332.0160382206448
3500,,332.0160382206448
3501,,332.0160382206448
3502,,332.0160382206448
3503,,332.0160382206448
3504,,332.0160382206448
3505,,332.0160382206448
3506,,332.0160382206448
3507,,332.0160382206448
3508,,332.0160382206448
3509,,332.0160382206448
3510,,332.0160382206448
3511,,332.0160382206448
3512,,332.0160382206448
3513,,332.0160382206448
3514,,332.0160382206448
3515,,332.0160382206448
3516,,332.0160382206448
3517,,332.0160382206448
3518,,332.0160382206448
3519,,332.0160382206448
3520,,332.0160382206448
3521,,332.0160382206448
3522,,332.0160382206448
3523,,332.0160382206448
3524,,332.0160382206448
3525,,332.0160382206448
3526,,332.0160382206448
3527,,332.0160382206448
3528,,332.0160382206448
3529,,332.0160382206448
3530,,332.0160382206448
3531,,332.0160382206448
3532,,332.0160382206448
3533,,332.0160382206448
3534,,332.0160382206448
3535,,332.0160382206448
3536,,332.0160382206448
3537,,332.0160382206448
3538,,332.0160382206448
3539,,332.0160382206448
3540,,332.0160382206448
3541,,332.0160382206448
3542,,332.0160382206448
3543,,332.0160382206448
3544,,332.0160382206448
3545,,332.0160382206448
3546,,332.0160382206448
3547,,332.0160382206448
3548,,332.0160382206448
3549,,332.0160382206448
3550,,332.0160382206448
3551,,332.0160382206448
3552,,332.0160382206448
3553,,332.0160382206448
3554,,332.0160382206448
3555,,332.0160382206448
3556,,332.0160382206448
3557,,332.0160382206448
3558,,332.0160382206448
3559,,332.0160382206448
3560,,332.0160382206448
3561,,332.0160382206448
3562,,332.0160382206448
3563,,332.0160382206448
3564,,332.0160382206448
3565,,332.0160382206448
3566,,332.0160382206448
3567,,332.0160382206448
3568,,332.0160382206448
3569,,332.0160382206448
3570,,332.0160382206448
3571,,332.0160382206448
3572,,332.0160382206448
3573,,332.0160382206448
3574,,332.0160382206448
3575,,332.0160382206448
3576,,332.0160382206448
3577,,332.0160382206448
3578,,332.0160382206448
3579,,332.0160382206448
3580,,332.0160382206448
3581,,332.0160382206448
3582,,332.0160382206448
3583,,332.0160382206448
3584,,332.0160382206448
3585,,332.0160382206448
3586,,332.0160382206448
3587,,332.0160382206448
3588,,332.0160382206448
3589,,332.0160382206448
3590,,332.0160382206448
3591,,332.0160382206448
3592,,332.0160382206448
3593,,332.0160382206448
3594,,332.0160382206448
3595,,332.0160382206448
3596,,332.0160382206448
3597,,332.0160382206448
3598,,332.0160382206448
3599,,332.0160382206448
3600,,332.0160382206448
3601,,332.0160382206448
3602,,332.0160382206448
3603,,332.0160382206448
3604,,332.0160382206448
3605,,332.0160382206448
3606,,332.0160382206448
3607,,332.0160382206448
3608,,332.0160382206448
3609,,332.0160382206448
3610,,332.0160382206448
3611,,332.0160382206448
3612,,332.0160382206448
3613,,332.0160382206448
3614,,332.0160382206448
3615,,332.0160382206448
3616,,332.0160382206448
3617,,332.0160382206448
3618,,332.0160382206448
3619,,332.0160382206448
3620,,332.0160382206448
3621,,332.0160382206448
3622,,332.0160382206448
3623,,332.0160382206448
3624,,332.0160382206448
3625,,332.0160382206448
3626,,332.0160382206448
3627,,332.0160382206448
3628,,332.0160382206448
3629,,332.0160382206448
3630,,332.0160382206448
3631,,332.0160382206448
3632,,332.0160382206448
3633,,332.0160382206448
3634,,332.0160382206448
3635,,332.0160382206448
3636,,332.0160382206448
3637,,332.0160382206448
3638,,332.0160382206448
3639,,332.0160382206448
3640,,332.0160382206448
3641,,332.0160382206448
3642,,332.0160382206448
3643,,332.0160382206448
3644,,332.0160382206448
3645,,332.0160382206448
3646,,332.0160382206448
3647,,332.0160382206448
3648,,332.0160382206448
3649,,332.0160382206448
3650,,332.0160382206448
3651,,332.0160382206448
3652,,332.0160382206448
3653,,332.0160382206448
3654,,332.0160382206448
3655,,332.0160382206448
3656,,332.0160382206448
3657,,332.0160382206448
3658,,332.0160382206448
3659,,332.0160382206448
3660,,332.0160382206448
3661,,332.0160382206448
3662,,332.0160382206448
3663,,332.0160382206448
3664,,332.0160382206448
3665,,332.0160382206448
3666,,332.0160382206448
3667,,332.0160382206448
3668,,332.0160382206448
3669,,332.0160382206448
3670,,332.0160382206448
3671,,332.0160382206448
3672,,332.0160382206448
3673,,332.0160382206448
3674,,332.0160382206448
3675,,332.0160382206448
3676,,332.0160382206448
3677,,332.0160382206448
3678,,332.0160382206448
3679,,332.0160382206448
3680,,332.0160382206448
3681,,332.0160382206448
3682,,332.0160382206448
3683,,332.0160382206448
3684,,332.0160382206448
3685,,332.0160382206448
3686,,332.0160382206448
3687,,332.0160382206448
3688,,332.0160382206448
3689,,332.0160382206448
3690,,332.0160382206448
3691,,332.0160382206448
3692,,332.0160382206448
3693,,332.0160382206448
3694,,332.0160382206448
3695,,332.0160382206448
3696,,332.0160382206448
3697,,332.0160382206448
3698,,332.0160382206448
3699,,332.0160382206448
3700,,332.0160382206448
3701,,332.0160382206448
3702,,332.0160382206448
3703,,332.0160382206448
3704,,332.0160382206448
3705,,332.0160382206448
3706,,332.0160382206448
3707,,332.0160382206448
3708,,332.0160382206448
3709,,332.0160382206448
3710,,332.0160382206448
3711,,332.0160382206448
3712,,332.0160382206448
3713,,332.0160382206448
3714,,332.0160382206448
3715,,332.0160382206448
3716,,332.0160382206448
3717,,332.0160382206448
3718,,332.0160382206448
3719,,332.0160382206448
3720,,332.0160382206448
3721,,332.0160382206448
3722,,332.0160382206448
3723,,332.0160382206448
3724,,332.0160382206448
3725,,332.0160382206448
3726,,332.0160382206448
3727,,332.0160382206448
3728,,332.0160382206448
3729,,332.0160382206448
3730,,332.0160382206448
3731,,332.0160382206448
3732,,332.0160382206448
3733,,332.0160382206448
3734,,332.0160382206448
3735,,332.0160382206448
3736,,332.0160382206448
3737,,332.0160382206448
3738,,332.0160382206448
3739,,332.0160382206448
3740,,332.0160382206448
3741,,332.0160382206448
3742,,332.0160382206448
3743,,332.0160382206448
3744,,332.0160382206448
3745,,332.0160382206448
3746,,332.0160382206448
3747,,332.0160382206448
3748,,332.0160382206448
3749,,332.0160382206448
3750,,332.0160382206448
3751,,332.0160382206448
3752,,332.0160382206448
3753,,332.0160382206448
3754,,332.0160382206448
3755,,332.0160382206448
3756,,332.0160382206448
3757,,332.0160382206448
3758,,332.0160382206448
3759,,332.0160382206448
3760,,332.0160382206448
3761,,332.0160382206448
3762,,332.0160382206448
3763,,332.0160382206448
3764,,332.0160382206448
3765,,332.0160382206448
3766,,332.0160382206448
3767,,332.0160382206448
3768,,332.0160382206448
3769,,332.0160382206448
3770,,332.0160382206448
3771,,332.0160382206448
